"","term","df","sumsq","meansq","statistic","p.value","taxa","stats"
"1","depth",5,3159.38083163809,631.876166327619,17.4081814025759,7.60543957082455e-11,"metazoa","obs"
"2","Residuals",64,2323.04993323333,36.2976552067708,NA,NA,"metazoa","obs"
"3","depth",5,7.95490230168887,1.59098046033777,8.47026994045019,3.39350697989306e-06,"metazoa","shannon"
"4","Residuals",64,12.0211929699381,0.187831140155282,NA,NA,"metazoa","shannon"
"5","depth",5,0.390320683884032,0.0780641367768063,5.44414961401273,0.000310093747418294,"metazoa","evenness"
"6","Residuals",64,0.917701589400868,0.0143390873343886,NA,NA,"metazoa","evenness"
