"","term","contrast","null.value","estimate","conf.low","conf.high","adj.p.value","taxa","stats"
"1","depth","500-100",0,8.31129166666667,-0.807896200267338,17.4304795336007,0.0933756984330862,"fish","obs"
"2","depth","500-100",0,1.02340617237651,0.0780774552924157,1.96873488946061,0.0265905155017486,"fish","shannon"
"3","depth","500-100",0,0.362858443493707,0.0131825405378648,0.712534346449549,0.0377244021720469,"fish","evenness"
